sentence,label
A collision between the ACROBOTER robotic platform and an unknown object must be avoided at all times.,constraint
A non‐patient is injured or killed by radiation.,loss
A nonpatient is injured or killed in the process of MRI simulation.,loss
A pair of controlled aircraft violates minimum separation standards.,hazard
A person or worker is standing/working under or passing through the excavators’ range cycle.,hazard
"A storage method for using chemicals, such as FIFO (First-In, First-Out), should be adopted.",constraint
A/C must maintain minimum safe altitude limits.,constraint
A/C must maintain minimum safe separation distance.,constraint
A/C not compliant with airworthiness requirements.,hazard
"Absence of warning when vehicle moves out of lane, resulting in a collision.",hazard
ACC did not illuminate brake light to warn vehicle in the behind.,hazard
"ACC did not maintain a safe distance from the object in the front, resultng in collision.",hazard
ACC does not maintain a safe distance from the object in the front (resulting in a collision).,hazard
ACC does not reduce throttle and apply the braking force to maintain safe distance as preset by driver when vehicle catches up with a slower preceding vehicle.,hazard
ACC estimates wrong values of distance and speed of vehicle ahead.,hazard
ACC must not brake too abruptly.,constraint
ACC must not violate separation requirements with object ahead.,constraint
ACC should not brake too abruptly.,constraint
ACC should not let the vehicle gets in contact with the object ahead.,constraint
ACC slows down the vehicle too abruptly (and vehicle is rear-ended).,hazard
"ACC slows down the vehicle too abruptly, and vehicle is rear-ended.",hazard
ACC violates the safe distance between ACC vehicle and vehicle in front.,hazard
ACS must not continue providing attitude maneuver commands too long after attitude has stabilized.,constraint
ACS must not provide attitude maneuver commands in the same direction as rotation.,constraint
ACS must not provide attitude maneuver commands too early to achieve desired attitude.,constraint
ACS must not provide attitude maneuver commands too late after ASTRO-H has rotated too far.,constraint
ACS must not provide attitude maneuver commands when ASTRO-H is not rotating.,constraint
ACS must not stop providing attitude commands too soon before attitude has stabilized.,constraint
ACS must provide attitude maneuver commands that are sufficient to slow ASTRO-H quickly.,constraint
ACS must provide attitude maneuver commands when ASTRO-H is rotating.,constraint
"Actuator (Throttle, Spark, Fuel, etc.) Control shall be synchronized with axle torque request.",constraint
"After rotation, the skid angle must be reduced to keep wings leveled.",constraint
Aircraft (including both manned and unmanned systems) in the air are damaged or destroyed.,loss
Aircraft airframe integrity is degraded.,hazard
Aircraft comes too close to airport infrastructure components during operations on the ground.,hazard
Aircraft comes too close to service equipment components during operations on the ground.,hazard
Aircraft component is powered up when hazardous FLS is installed,hazard
Aircraft component must not be powered up when hazardous FLS is installed.,constraint
Aircraft crashes into terrain / ocean.,loss
Aircraft crashes.,loss
Aircraft does not stop before the runway end.,hazard
Aircraft enters a prohibited area.,hazard
Aircraft enters a runway with no clearance.,hazard
Aircraft enters an unsafe atmospheric region.,hazard
Aircraft enters prohibited area.,hazard
Aircraft enters prohibited area.,hazard
Aircraft enters uncontrolled state.,hazard
Aircraft enters uncontrolled state.,hazard
Aircraft enters uncontrolled state.,hazard
Aircraft enters unsafe atmospheric region.,hazard
Aircraft enters unsafe atmospheric region.,hazard
Aircraft enters unsafe attitude (excessive turbulence or pitch/roll/yaw that causes passenger injury but not necessarily aircraft loss).,hazard
Aircraft enters unsafe attitude.,hazard
Aircraft enters unsafe attitude.,hazard
Aircraft environment is harmful to human health.,hazard
Aircraft flying off the route specified at flight plan.,hazard
Aircraft is operated when hazardous FLS is installed.,hazard
Aircraft loses its control or loses airframe integrity.,hazard
Aircraft must be dispatched.,constraint
Aircraft must maintain criteria for stable approaches.,constraint
Aircraft must maintain its control and maintain airframe integrity.,constraint
Aircraft must maintain separation with ground or obstacles on ground.,constraint
Aircraft must maintain separation with other aircraft.,constraint
Aircraft must not be operated when hazardous FLS is installed.,constraint
Aircraft must not enter a runway without clearance.,constraint
Aircraft on ground must maintain separation with other objects and must not leave the paved area.,constraint
Aircraft on the ground comes too close to other objects or leaves the paved area.,hazard
Aircraft performs controlled maneuver into ground or into obstacles on ground.,hazard
"Aircraft placed on trajectory or position that intersects with a physical obstruction (e.g., loss of separation, controlled flight into terrain).",hazard
"Aircraft placed on trajectory that intersects with dangerous atmospheric conditions (e.g., storms, volcanic ash).",hazard
Aircraft shall be capable of remaining airborn in a controlled manner throughout the operation.,constraint
"Aircraft shall not enter a controlled airspace without broadcasting their location through Mode C, ADS-B, or IFF.",constraint
Aircraft shall not enter a controlled airspace without verbal confirmation from the controller.,constraint
Aircraft should maintain a safe distance from obstacles and notify the operator when reaching the minimum distance.,constraint
Aircraft veers to a runway side.,hazard
Aircraft violate minimum separation standards in flight.,hazard
Aircraft violate minimum separation with other aircraft.,hazard
Aircraft violates criteria for stable approaches.,hazard
Aircraft violates minimum separation from airspace or other aircraft.,hazard
Aircraft violates the minimum separation from other aircrafts during operations on the ground.,hazard
Aircraft violates the minimum separation from service vehicles during operations on the ground.,hazard
Airframe integrity is lost during operations on the ground.,hazard
Airframe integrity must not be lost during flight.,constraint
Airport infrastructure component integrity is lost during operations.,hazard
All inspection procedures must be coordinated between implementers.,constraint
All the safety/mission critical military aerospace designs and products shall be Certified to allow use or operation.,constraint
An abnormal termination instruction must be given immediately if an abort is required.,constraint
An abnormal termination instruction must be given when continuing the ITP would be unsafe.,constraint
An abnormal termination instruction must not be given when it is not required to maintain safety and would result in a loss of separation.,constraint
"An emergency shall stop the train, Doors shall open in an emergency after the train has stopped.",constraint
"An incident during this mission directly causes another mission to fail to collect, return, and/or use the scientific data corresponding to its mission goals.",loss
Approval must be given to the requesting aircraft only.,constraint
Approval must not be given too early or too late (needs to be clarified as to the actual time limits).,constraint
Approval of an ITP request must be given only when the ITP criteria are met.,constraint
"Asset damage (ship, battery trailer).",loss
ASTRO-H unable to collect scientific data.,hazard
ASTRO-H unable to communicate scientific data.,hazard
"At the launch rail, vehicle stages must be prevented from igniting before planned, even when subjected to commands or electric discharges.",constraint
Authorities do not award permits to the Project when required for start of related Project construction activities.,hazard
Autopilot does not react to other road crossing vehicles/obstacles.,hazard
Autopilot must send objects to Autopilot HMI when required.,constraint
Autopilot must send road signs to Autopilot HMI when required.,constraint
AV activates due to incorrect request during autonomous maneuver.,hazard
AV activates without request during autonomous maneuver.,hazard
AV behavior is uncomfortable for the passengers.,hazard
AV collision with vulnerable road user (VRU).,loss
AV does not maintain a safe distance from vulnerable road users (VRUs) or other stationary or moving objects in the surroundings.,hazard
AV does not maintain safe distance to another AV.,hazard
AV does not maintain safe distance to structure.,hazard
AV does not maintain safe distance to VRU.,hazard
AV does not respond to requests during autonomous maneuver.,hazard
AV gets damaged.,loss
AV leaves designated path.,hazard
AV leaves the designated demo zone.,hazard
AV loses control.,hazard
AV must adhere to the allowed operating limits advised by the traffic rules and ODD limitations.,constraint
AV must adhere to the designated path.,constraint
AV must maintain a safe distance from VRUs and other stationary and moving objects in the surroundings.,constraint
AV must never lose control.,constraint
AV must provide a comfortable experience to the passengers when driving or stationary.,constraint
AV violates allowed operating conditions.,hazard
Avoid operation beyond the permissible limits (emergency cases are excluded).,constraint
"Avoiding the concurrence of flammable substances, oxidizer and ignition source.",constraint
"Avoiding the interaction of flammable substances, oxidizer and ignition source.",constraint
Blown tire procedure not followed.,hazard
Brake light command must illuminate early within X-seconds before stopping vehicle.,constraint
Brakes cannot be applied severely when aborting with strong crosswind.,constraint
Cabin parameters incompatible with human survival.,hazard
Catching fire inside the ship.,hazard
"Certification Authority personal, including Organization Designation Authorization (ODA), unqualified to the product in analyse or at the certification process.",hazard
Certification Process implemented is not adequate to identify critical flaws or loss scenarios.,hazard
Certification Process temporally interrupted due to budgetary constraints to the project.,hazard
Certification Tests not performed as scheduled.,hazard
Chemical plant must not release toxic chemicals into the atmosphere.,constraint
Collateral Damage.,loss
Collision between the ACROBOTER robotic platform and an unknown object (both human or material).,hazard
Collision of a manned and unmanned aircraft.,hazard
Collision of an unmanned aircraft with a person on the ground.,hazard
Collision of an unmanned aircraft with a structure on the ground.,hazard
Collision of two unmanned aircraft.,hazard
Collision with ISS.,loss
"Collisions resulting in loss of life, damage or severe disturbance of daily operation.",loss
Commands for dosage exceeding the patient's tolerance are sent to the pump.,hazard
Commitments or obligations are not in line with USCG financial policy.,hazard
Commitments or obligations are recorded in excess of funding limitations.,hazard
Company doesn’t complete the certification processes.,hazard
Company reputation.,loss
Company takes actions inconsistent with stated values.,hazard
Computer must not close water valve before catalyst valve closes.,constraint
Computer must not close water valve while catalyst valve open.,constraint
Computer must not open catalyst valve when water valve not open.,constraint
Computer must open water valve whenever catalyst valve is open.,constraint
Computer must open water valve within X seconds of catalyst valve open.,constraint
Consumer (rider) PII exposed to unauthorized individuals.,hazard
Contaminated Enviroment.,loss
Contamination of Outer Planet Moon with biological agents of Earth origin on mission hardware.,hazard
"Control system shall control the actuator (Throttle, Spark, Fuel, etc.) correctly in response to axle torque request.",constraint
Controlled Flight Into Terrain (CFIT).,hazard
Controlled Flight into Terrain.,hazard
Controlled flight of aircraft into terrain.,hazard
Controlled maneuver into ground.,hazard
Controller shall allow time for passengers to exit & enter before attempting to close the door.,constraint
Controller shall not close Door while a passenger is in the doorway.,constraint
"Controller shall not open Door while train is moving, only when stopped.",constraint
Controller shall open Door in an emergency.,constraint
Controller shall open Door when Train is stopped in Station.,constraint
Controller shall report the state of the Door to the next-higher level of control.,constraint
Controllers shall confirm that an aircraft has exited the zone via both voice communications and radar confirmation.,constraint
Controllers shall confirm that the small arms range is inactive.,constraint
Controllers shall confirm that there are no rocket tests ongoing.,constraint
Controllers shall monitor radar returns of aircraft that are ascending/descending to ensure minimum separation requirements.,constraint
Controllers shall not approve requests for access to zones other than those that they are controlling.,constraint
correct patient results must be reported to the Audiologist.,constraint
"Corrective action (torque to the steering) provided in the wrongdirection, causing a collision.",hazard
"Corrective action provided when it isn’t required, resulting in a collision.",hazard
Crossing runways only when runway is not used for take off / landing.,constraint
CSCP provides send impedance values command when ITMS is not connected.,hazard
Customer's data misused by authorized 3rd parties.,hazard
Customer's data misused by JID.,hazard
Customer's data must be not be misused by JIT.,constraint
Customer's data must not be misused even by authorized 3rd parties.,constraint
Customer's data must not be released to public.,constraint
Customer's data must not be released to unauthorized 3rd parties.,constraint
Customer's data released to public.,hazard
Customer's data released to unauthorized 3rd parties.,hazard
"Damage and/or interruption of operations of other systems (Supporting infrastructure, other satellites, all other equipment).",loss
Damage of property (internal or external company).,loss
Damage or loss of equipment.,loss
Damage or loss of equipment.,loss
Damage or loss of equipment.,loss
Damage to adjacent local infrastructure during Project construction activities.,hazard
Damage to airport infra-structure and/or proximities.,loss
Damage to equipment or infrastructure.,loss
damage to equipment.,loss
Damage to equipment.,loss
Damage to equipment.,loss
Damage to or loss of aircraft.,loss
"Damage to patient or staff satisfaction, or hospital reputation.",loss
Damage to SSRMS.,loss
Damage to the aircraft or objects outside the aircraft.,loss
Damage to the aircraft.,loss
Damage to the Laboratorial Facility or the laboratory equipment.,loss
Damage to the ship or objects outside the ship.,loss
Damage to the vehicle or objects outside the vehicle.,loss
Damage to the vehicle.,loss
Damage to valuable SGC components.,loss
Data Fusion and Assessment must provide assessed environment model to Autopilot when required.,constraint
Data obtained by instrumentation must be stored and/or transmitted to supporting infrastructure.,constraint
Death or Human injury.,loss
Death or injury of patient or non-patient not due to radiation.,loss
Death or injury to persons.,loss
Death or injury.,loss
Death or serious injury to rider or operator.,loss
"Death, illness, or injury due to exposure to toxic chemicals.",loss
"Death, injury, or property damage resulting from a collision with a person, vehicle, object, or terrain.",loss
Debris from an aircraft impacts another aircraft.,hazard
Debris from an unmanned aircraft strikes a person on the ground.,hazard
Debris from an unmanned aircraft strikes a structure on the ground.,hazard
"Deck crew must be well trained, and equipment properly maintained and inspected.",constraint
Depth should be continuously monitored.,constraint
"Design, Product, Quality Management System or Manufacturing Process certified with safety or mission related requirements not verified or not specified.",hazard
Directional deviations must be corrected smoothly and continuously.,constraint
Discriminations in the nation.,hazard
Disruption on processing or transport.,loss
Door closes on a person.,hazard
Doors close on a person in the doorway.,hazard
Doors close on passenger in doorway.,loss
Doors close while person in the doorway.,hazard
Doors must not be closed if someone is in the doorway.,constraint
Doors must not be opened until train is stopped and aligned with platform.,constraint
Doors open when not aligned to platform.,hazard
Doors open when the train is moving or not at platform.,hazard
Doors open when the train is moving.,hazard
Doors open while train is in motion or not aligned with station platform.,hazard
Doors shall open at station when train is completely stopped and aligned with platform.,constraint
Doors shall remain closed when train is moving.,constraint
"Doors shall remain open when someone is in the doorway, the train shall not move until the doors close.",constraint
Doors stuck closed during emergency.,hazard
Doors stuck open.,hazard
Driver does not provide required attention to driving tasks and environment.,hazard
Driver must brake Model S when required.,constraint
Driver must know the correct limited speed through different kinds of ways (e.g. IC cards and the scheduler).,constraint
Driver must not perform other tasks when not allowed.,constraint
During a rejected takeoff the aircraft departs runway.,loss
"During laboratory handling and experiments with Energetic Materials, the Laboratory Operators must measure and receive data of the synthesis process variables conditions.",constraint
Economic loss.,loss
Ego vehicle applies hard acceleration.,hazard
Ego vehicle applies hard braking.,hazard
Ego vehicle applies insufficient braking.,hazard
Ego vehicle leaves its lane.,hazard
Ego vehicle must decelerate at rates greater than 0.9 m/s^2.,constraint
Ego vehicle must not accelerate at rates greater than 1 m/s^2.,constraint
Ego vehicle must not decelerate at rates greater than 4 m/s^2.,constraint
Ego vehicle must not leave the lane unless desired by the driver.,constraint
"Electronic, electrical, and mechanical device exposed to large magnetic or RF fields.",hazard
Energetic Materials are handled without operational training.,hazard
Energetic materials must be identified as to the particular danger of handling.,constraint
"Energetic materials must be identified as to the synthesis date, expiration date when industrialized, or revalidation date.",constraint
Energetic materials must be used as prescribed.,constraint
Energetic Materials usage out of the prescribed.,hazard
Engine remains stuck at high thrust during a rejected takeoff.,hazard
Ensure the correct communication with the IS to activate the pre-flight event.,constraint
Enter data with unauthorized modification.,hazard
Enviromental losses.,loss
Environment contaminated.,loss
Environmental Damage.,loss
Environmental loss (release).,loss
Environmental loss.,loss
Environmental loss/pollution.,loss
Environmental losses.,loss
Environmental losses.,loss
"Environmental: oil and fuel pollution, debris in nature.",loss
Equipment damage (economic loss).,loss
Equipment Damage.,loss
Equipment is subject to unexpected stress.,hazard
EQUIPMENT IS SUBJECT TO UNNECESSARY STRESS.,hazard
Equipment is subject to unnecessary stress.,hazard
Equipment operated beyond limits.,hazard
Equipment Operated Beyond Limits.,hazard
Equipment or procedure entraps user during processing.,hazard
Equipment subject to unnecessary stress.,hazard
Equipment under unnecessary stress.,hazard
Erroneous arrival of product.,loss
Erroneous payment to supplier.,loss
Excavator within the vicinity of overhead electric lines.,hazard
Exceeding structure load limits.,hazard
Exceeding the safe operating limits of the mooring systems.,hazard
Expired materials must be revalidated before use.,constraint
"Exposure of Earth life or human assets off Earth to toxic, radioactive, or energetic elements of mission hardware.",hazard
"Exposure of Earth life or human assets on Earth to toxic, radioactive, or energetic elements of mission hardware.",hazard
Facility or equipment damage.,loss
Fatalities or injury to persons.,loss
Fatalities.,loss
Ferromagnetic object exposed to a large magnetic field.,hazard
Financial loss or loss of hospital reputation.,loss
Financial loss or loss of hospital reputation.,loss
Financial loss.,loss
Financial losses.,loss
Fire spread.,hazard
Flight controls misuse during takeoff run.,hazard
Flight crew is overworked.,hazard
Flight in airspace contaminated by VA.,hazard
Flight parameters fall outside of performance limits.,hazard
Flooding of contiguous watertight compartments.,hazard
Flying payload may be accidentally thrown by the robotic platform.,hazard
Flying to Close to other aircraft/out of position.,hazard
Follow-up must be provided to ensure that recommendations have been implemented and are effective.,constraint
Food products for sale contain pathogens.,hazard
Food products for sale contain pathogens.,hazard
Food products with pathogens must not be sold.,constraint
Food products with pathogens must not be sold.,constraint
FRGF is unintendedly separated from HTV before or during capture.,hazard
Gear for wrong direction.,hazard
H2O/Ice (other) Accumulation.,hazard
Heat and smoke detectors should trigger an alarm and extinguishing systems.,constraint
"Heat removal and fission clean up fail when the three events—LOCA, S/WP-Ex, or the SIAS—occur.",hazard
High pressure water not contained.,hazard
High/Low Air Pressure.,hazard
High/Low Air Temperature.,hazard
"HTV cannot be separated immediately when grappled unsafely (e.g., windmill).",hazard
HTV is drifting to ISS while uncontrolled (deactivated).,hazard
HTV is inclined by a large angle in proximity to SSRMS.,hazard
HTV provides thrust while captured by SSRMS.,hazard
HTV provides unintended attitude control in proximity to SSRMS.,hazard
Human exposure to loud noise.,hazard
Human injury or loss of life.,loss
"Human life, injury, motion sickness, fright.",loss
Human or equipment exposure to cryogen or quench gas.,hazard
Human overexposure to large magnetic field or RF field.,hazard
Human physical integrity is lost during operations.,hazard
Human serious injury or loss of life.,loss
Humans and/or human assets off of the earth are killed/damaged.,loss
Humans and/or human assets on earth are killed/damaged.,loss
"Humans exposed to radiated energy or to toxic, radioactive, or energetic elements of mission hardware.",hazard
"Humans injured or killed (On earth, in air, in space).",loss
"If a person is detected in doorway during door closing, door closing must be stopped and reversed.",constraint
"If control over the ship is lost, then it must be detected and measures should be taken to regain control over the ship.",constraint
"If the control propulsion output stops, System propulsion output shall be gradually ramped to zero with operator notification. Graceful transition to a safe state.",constraint
"If toxic chemicals are not contained, damage must be mitigated.",constraint
"If ventilation does not maintain methane level below 2%, this must be detected, electricity must be cut off, and workers must follow specific procedures to reduce the methane content.",constraint
"If ventilation does not maintain methane level below 3%, this must be detected, electricity must be cut off, and workers must abandon the workplace immediately.",constraint
"If ventilation does not maintain oxygen level over 19%, this must be detected, and workers must use self-rescuers and abandon the workplace.",constraint
"If ventilation turned off, the workplace must be abandoned immediately.",constraint
"In areas where terrain masking may occur, the controller shall maintain awareness of aircraft that have requested access to the airspace.",constraint
"In case of budget restriction is unavoidable, the company management shall prioritize the activities without compromising safety or performance aspects.",constraint
"In the event of an unintended ignition, the vehicle must remain fixed to the launching rail, avoiding an unplanned route.",constraint
Inability of companies / organizations to operate normally.,hazard
Inability of control for intended flight.,hazard
Inability of Mission scientific investigators to use returned data.,hazard
Inability of Mission to collect data.,hazard
Inability of Mission to return collected data.,hazard
"Inability of other space exploration missions to use shared space exploration infrastructure to collect, return, or use data.",hazard
Inability to complete the mission.,loss
Inability to confirm product integrity.,hazard
Inability to control the aircraft.,hazard
Inability to pay correctly.,hazard
Inability to perform physical transport.,hazard
Inability to produce a usable maneuver.,hazard
Inablity to initiate procurement process.,hazard
Inadequate or unrealized launch facilities maintenance.,hazard
Inadvertent Equip. Operation During Maintenance.,hazard
Inappropriate Air Transport (bleed and distribution).,hazard
Incorrect information is sent to the display.,hazard
Indirect monetary losses.,loss
Ineffective treatment.,loss
Injury of passenger and crew.,loss
Injury or Death.,loss
injury or loss of life.,loss
Injury or loss of life.,loss
"Injury or property damage occurring within the vehicle, without a collision.",loss
"Injury, loss of life, damage of aircraft or property.",loss
Intellectual Property exposed to unauthorized individuals.,hazard
Interference with ATC safety-related advisory.,hazard
Interference with other safety-related aircraft systems.,hazard
Interference with the ground-based ATC system.,hazard
IPMS must not sent STOP command unless an emergency condition is indicated.,constraint
IPMS must send STOP command to PCA when patient has been given too much opiod.,constraint
IPMS must sent STOP command within TBD seconds of emergency.,constraint
Laboratorial Equipment or Energetic Materials are not adequately identified and stored.,hazard
Laboratories that handle energetic materials must have laboratory environmental control equipment.,constraint
"Laboratory ecosystem stakeholders including patients (the public) lose trust in data being collected, shared, analyzed, and reported.",hazard
Laboratory equipment out of calibration standards.,hazard
Laboratory facilities not appropriated for the current activities.,hazard
Laboratory Operators must be able to stop the synthesis once it is detected that the process variables conditions are out of the safety acceptable states for handling.,constraint
Laboratory Operators must be trained to manipulate energetic materials correctly.,constraint
Laboratory Operators must set the laboratory process variables conditions in accordance with the limitations for handling the energetic materials under manipulation (analysis/syntheses).,constraint
Laboratory Operators must verify the safety acceptable environmental conditions and the restrictions for handling energetic materials.,constraint
Laboratory Procedures or Manuals not including essential safety protocols.,hazard
Laboratory Supervisors must verify if the Operators have concluded the training for safely handling Energetic Materials before authorizing the activities.,constraint
Lack of ability of aircraft to receive and transmit the proper data.,hazard
Lack of aircraft control.,hazard
Lack of essential supply in the nation.,hazard
Land acquisition is not completed when required to be handed over to construction contractors for start of Project construction activities.,hazard
Landing gear retraction with blown tire.,hazard
Late or no decision to abort.,hazard
Leak of sensitive information.,hazard
Leaking of project or production documentation.,hazard
Lessons learned must be documented and disseminated.,constraint
Level 1 SMS audit findings for non/compliance.,loss
Level must never violate maximum value.,constraint
Level too high.,hazard
LLIs are not available when required to be used by construction contractors in the Project construction activities.,hazard
Loss due to rescheduling.,loss
Loss of A/C;,loss
Loss of Acme Intellectual Property.,loss
Loss of Aircraft Control.,hazard
Loss of aircraft.,loss
Loss of airframe integrity.,hazard
Loss of classified information.,loss
Loss of client satisfaction.,loss
Loss of company reputation.,loss
Loss of confidence in aircraft systems.,loss
Loss of confidence in the safety of drinking water supplied to the public.,loss
Loss of consumer (rider) PII.,loss
Loss of control in the air.,loss
Loss of control on ground.,loss
Loss of control or communications.,hazard
Loss of credibility in the air transportation industry.,loss
Loss of Critical Protected Data.,loss
Loss of customer preference/ brand loyalty.,loss
"Loss of customer satisfaction with automated parking, without injury or property damage.",loss
Loss of customer satisfaction.,loss
Loss of customer satisfaction.,loss
Loss of customer satisfaction.,loss
Loss of customers.,loss
Loss of data quality.,loss
Loss of driver comfort.,loss
"Loss of economic stability (e.g. closure of business / increases in unemployment, decrease in purchasing power).",loss
Loss of electrical power generation.,loss
Loss of environmental integrity.,loss
Loss of equipment.,loss
Loss of finances.,loss
Loss of flight test productivity.,loss
"Loss of functioning democratic society (e.g. loss of freedom, human right .etc.).",loss
Loss of Generation.,loss
Loss of generation.,loss
"Loss of grid equipment (capacitors, lines, et.c).",loss
Loss of ground support operation.,loss
Loss of HTV mission.,loss
Loss of human life - human injury.,loss
Loss of human life / damage to health and wellbeing (e.g. long term concerns with COVID).,loss
Loss of human life or human injury of laboratory-related personnel.,loss
Loss of human life or human injury of personnel external to the laboratory facilities.,loss
Loss of human life or injured people.,loss
Loss of human life or injury.,loss
"Loss of Human Life, Human Injury, Properties Damage or Environmental Losses.",loss
Loss of human life/injury.,loss
Loss of human live or severe human injury or property damage.,loss
Loss of integrity of communication.,loss
Loss of Intellectual Property.,loss
"Loss of Life / Injury (suffocation, eye/ear irritation etc.).",loss
Loss of life and injury.,loss
Loss of life or injury to patient or personnel.,loss
Loss of life or injury to people.,loss
Loss of life or injury to people.,loss
Loss of life or injury to people.,loss
Loss of life or injury to people.,loss
Loss of life or injury to personnel.,loss
Loss of life or injury to persons.,loss
Loss of life or injury.,loss
Loss of life or injury/health.,loss
Loss of life or serious injury to patient.,loss
Loss of life or serious injury to patient.,loss
Loss of life or serious injury to people.,loss
Loss of life or serious injury to people.,loss
Loss of life or serious injury to people.,loss
"Loss of life, injury or health compromise.",loss
Loss of life/injury.,loss
Loss of life/serious injury.,loss
"Loss of manufacturing/production capability (loss of continued production ability: robot, facility, etc.).",loss
Loss of mission (or performance degradation).,loss
Loss of mission (transportation).,loss
Loss of mission.,loss
Loss of mission.,loss
Loss of Mission.,loss
Loss of mission.,loss
Loss of mission.,loss
Loss of or damage to aircraft.,loss
Loss of or damage to aircraft.,loss
Loss of or damage to infrastructure components.,loss
Loss of or damage to service vehicle/equipment.,loss
Loss of or damage to the aircraft or  equipment on the aircraft.,loss
Loss of or damage to UAV aircraft.,loss
Loss of personal identifiable information (PII).,loss
Loss of produced energetic material.,loss
Loss of product certification.,loss
Loss of production.,loss
Loss of protected patient or proprietary hospital information.,loss
Loss of protected patient or proprietary hospital information.,loss
Loss of reputation (OEM and/or supplier).,loss
Loss of reputation or trust in laboratory data ecosystem.,loss
Loss of reputation.,loss
Loss of Reputation.,loss
Loss of reputation.,loss
Loss of ship's structural integrity/watertightness.,loss
Loss of stability of the ship.,loss
Loss of the well.,loss
Loss of time (inefficient operation).,loss
Loss of transportation.,loss
Loss of UAV airframe integrity.,hazard
Loss of/damage to plant.,loss
Loss or damage of product.,loss
Loss or damage of production equipment.,loss
Loss or damage to aircraft.,loss
Loss or Damage to components / products.,loss
Loss or damage to ego vehicle.,loss
Loss or damage to public or private properties.,loss
Loss or damage to test environments.,loss
Loss or damage to the vehicle.,loss
Loss or disclosure of sensitive information.,loss
Loss or major damage to aircraft.,loss
Loss or significant damage to the aircraft.,loss
Loss to non-patient quality of life (esp. personnel).,loss
Loss/damage to aircraft and its equipment.,loss
Lost Generation.,loss
Low fuel level after missed approaches.,hazard
Maintenance and construction of infrastructure only when infrastructure is blocked.,constraint
Maintenance of pressure in a main control room fails when the two events—High-level radioactive at air intakes of MCR or the SIAS—occur.,hazard
Major Fire and/ or Explosion during Project commissioning activities.,hazard
Maneuvering the aircraft outside the safety envelope (undesired aircraft state).,hazard
Material or financial.,loss
"Materials, tools, infrastructure, or equipment damaged or unavailable to the operator proceed with the laboratory activities.",hazard
Mission critical information is exposed to unauthorized person.,hazard
Mission delay.,loss
Mission efficiency is compromised by interference.,hazard
Mission Interruption or delay.,loss
Mission loss (Unable to perform mission to design standards) (LOM).,loss
Mission loss or degradation.,loss
Mission Non-Compliance.,loss
Mission preparation time is exceeded.,hazard
"Mission science data not gathered, returned, or stored.",hazard
Mistaken flight controls use during rotation.,hazard
Monetary losses.,loss
Msn critical systems must be available when required to perform primary msn.,constraint
Msn critical systems not functional when required.,hazard
Multiple fatalities.,loss
Must have minimum mission critical safety systems functional for terrain flight.,constraint
Must have minimum mission critical safety systems functional to attempt AR.,constraint
Must maintain integrity of mission critical warning and deterrence systems.,constraint
Navigation software with feta defects is integrated into navigation system.,hazard
Near mid-air collision (NMAC): Two controlled aircraft violate minimum separation standards).,hazard
No access to aircraft equipment (electronic or physical) shall be allowed without authorization.,constraint
"No corrective action provided by the system when the car moves out of lane, leading to a collision.",hazard
No relevant function shall be lost when not required.,constraint
"Non-human, non-system (the satellite) elements exposed to radiated energy or to toxic, radioactive, or energetic elements of mission hardware.",hazard
Non-patient (esp. personnel) is unnecessarily exposed to radiation.,hazard
Non-patient injured or killed by radiation.,loss
Non-patient injured or killed due to radiation.,loss
NON-PATIENT IS UNNECESSARILY EXPOSED TO RADIATION.,hazard
Non-patient receives radiation.,hazard
Non-recovery from disruption / Recovery into a hazardous state.,hazard
NSI should ensure NS accept from NSS is conform to the its requirements.,constraint
NSS should develop NS following the top-level requirements from NSI.,constraint
Nuclear power plant must not release radioactive materials into environment.,constraint
Nuclear power plant radioactive materials are not contained.,hazard
Occupants or cargo are subjected to sudden high forces that may result in injury or property damage.,hazard
Oil well operate outside of the required pressure envelope.,hazard
Oil well with production flow reduced or interrupted.,hazard
Oil well without control over gas flows.,hazard
Oil well without control over liquid flows.,hazard
One or more fatalities or significant injuries.,loss
Operating Unit cannot meet operational requirements or commitments.,loss
"Operating unit has missing and/or inoperable equipment, services, or supplies; or lacks qualification.",hazard
Operation with degraded equipment (intentional or natural).,hazard
Operational laboratory trainings must approach the safety constraints and guidelines on handling Energetic Materials.,constraint
Operators must conclude operational laboratory training for handling Energetic Materials.,constraint
Opioid overdose.,hazard
Opioid under-dose.,hazard
Organisms of Earth origin are mistaken for organisms indigenous to any of the moons of the outer planet in future missions to study the outer planet's moon.,loss
Organisms on any of the moons of the outer planet (if they exist) are killed or mutated by biological agents of Earth Origin.,loss
Output Control shall be synchronized with Input request.,constraint
Overpressurization of plant equipment.,hazard
Overwhelming health system in the nation.,hazard
Passenger falls out of moving train.,loss
Passenger steps off stopped train not at platform.,loss
Passengers cannot evacuate in case of an emergency.,hazard
Passengers evacuate when no emergency.,hazard
Passengers fail to evacuate when emergency.,hazard
Passengers not able to escape train during emergency.,loss
Passengers/staff are unable to exit during an emergency.,hazard
Path panning must include the ability to pass through an intersection in movement calculation before moving forward into an intersection.,constraint
Patient does not receive treatment.,hazard
Patient has opioid overdose.,hazard
Patient has opioid underdose.,hazard
Patient info disclosed to unauthorized parties.,hazard
Patient injured or killed due to radiation.,loss
Patient injured or killed from radiation exposure.,loss
Patient injured or killed from radiation exposure.,loss
Patient injured or killed from radiation exposure.,loss
Patient injury or death.,loss
Patient is killed or seriously injured.,loss
patient is killed or seriously injured.,loss
Patient receives inappropriate treatment.,hazard
Patient results must be reported to the Audiologist in a useable time frame.,constraint
"Patient suffers physical, non-radiological injury.",loss
Patient suffers radiological injury due to over-radiation.,loss
Patient tissues receive more dose than clinically desirable.,hazard
Patient tumor receives less dose than clinically desirable.,hazard
Patient’s cancer advances due to under-radiation.,loss
Patient’s pain is not relieved.,loss
Patient’s pain is not relieved.,loss
Patients receive less than the acceptable standard of care.,hazard
Payment loss.,loss
People die or get injured from road crashes.,loss
People exposed to chemicals.,loss
People injured or killed.,loss
People physically injured (e.g. explosion).,loss
"Permanence of personnel in environment with energetic material, toxic material or with pressure vessels.",hazard
Person is exposed to harm during testing process.,hazard
Personal and Collective Protective Equipment not used for laboratory activities.,hazard
Personnel on the ground are injured or killed.,loss
PERSONS ARE SUBJECTED TO THE POSSIBILITY OF NON-RADIOLOGICAL INJURY.,hazard
Persons are subjected to the possibility of non-radiological injury.,hazard
Persons subject to non-radiological injuries.,hazard
Persons subjected to the possibility of nonradiation injury.,hazard
Physical damage to patient or non‐patient during treatment (not from radiation).,loss
Physical injury to patient or non-patient during treatment.,loss
Physical injury to patient or staff during treatment (not from RT).,loss
Pilot loses control of aircraft.,hazard
Pilot must execute maneuver once it is approved.,constraint
Pilot must execute maneuver once it is approved.,constraint
Pilot must not perform ITP when criteria are not met or request has been refused.,constraint
Pilot must not perform ITP when criteria are not met or request has been refused.,constraint
Pilot must start maneuver within X minutes of re-verifying ITP criteria.,constraint
Pilot must start maneuver within X minutes of re-verifying ITP criteria.,constraint
Pilots must execute maneuver within X minutes of reassessment.,constraint
Pilots must not begin to execute maneuver before approval.,constraint
Pilots must not climb/descent beyond designated altitude.,constraint
Pilots must not execute maneuver when ITP criteria are not satisfied.,constraint
"Pilots must not execute maneuver with incorrect climb rate, final altitude, etc.",constraint
Pilots must not stop maneuver before reaching designated altitude (except in emergency temination).,constraint
PIO (Pilot Induced Oscillation).,hazard
Plant is operated outside limits.,hazard
Plant is shut down.,hazard
Plant is unable to produce chemical X.,hazard
"Plant must be operated within limits (pressure, temperature, etc.).",constraint
Plant releases radioactive material.,hazard
"Plant releases toxic chemicals (e.g. to air, ground, etc.).",hazard
Poor safety performance.,loss
Power shortages.,loss
Premature ignition of vehicle stages at the launch rail.,hazard
Pressure must never violate maximum value.,constraint
Pressure too high.,hazard
Privation to track/communicate to the vehicle or payload.,hazard
Procedures must be in place to identify and investigate thoroughly all serious or potentially serious incidents.,constraint
Product integrity compromised.,loss
Product loss.,loss
"Product, Design or Quality Management System certificate expired by time or cancelled due to failures of the products in operational life.",hazard
Production loss.,loss
"Production, delivery and/or maintenance commitments are missed.",hazard
Products accepted in non-conformance with the specification.,hazard
Property damage from road crashes.,loss
Public exposed to unsafe drinking water.,hazard
Public health measures must reduce risk of public exposure to unsafe water during incidents.,constraint
Radiated energy frequencies should be selected so as to be different from those used by other systems if possible.,constraint
"Radiated energy must not be directed at and/or reach other systems using the same frequency if possible. Otherwise, radiation must be at sufficiently low power so as to prevent disruption or damage of other systems.",constraint
"Radiation and toxic, radioactive, or energetic materials must not be released within range of humans or other systems.",constraint
Radiation Exposure.,loss
Radio communication should be in the disposal of the spotter and the operators.,constraint
Radioactive Material Release.,hazard
Radioactive materials must note be released.,constraint
"Radioactive, toxic, or energetic materials must be stored away from humans.",constraint
"Reactor core is damaged because the SIAS does not operate when the 4 events—LOCA, 2 ndHSL, S/WP-Ex, or REA—occur.",hazard
Reactor Exceeds Limits.,hazard
Reactor shut down.,hazard
Reactor Shutdown.,hazard
Reactor temperature too high.,hazard
Ready For Operation Target Date not achieved.,loss
Recommendations must be implemented to eliminate or mitigate all identified factors contributing to the adverse events.,constraint
Reduced gas production.,loss
Reduction in control of aircraft.,hazard
Release of radioactive materials.,hazard
"Reports, procedures, components, prototypes or design/production documents disapproved by Certification Authority.",hazard
Rework and project schedule timeline losses.,loss
Rider or operator exposed to dangerous physiological conditions.,hazard
Rider unsecure during ride operations.,hazard
"Robot creates conditions that are not suitable for segment (e.g. ignites segment, high heat, fire, sparking, etc.).",hazard
Robot damage (i.e. handling is done improperly damages robot or rocket motor).,hazard
Robot makes contact with a person (directly or indirectly).,hazard
"Robot makes unintended contact with rocket motor (non-initiation) (e.g. zone A may have lower threshold for “damaging contact”, etc.).",hazard
Safe distance should always be kept and the crew must be aware when it is violated.,constraint
Satellite enters unsafe environment or orbit/flight path.,hazard
"Satellite hardware exposed to excessive radiation, or caustic or energetic materials.",hazard
Satellite must be able to operate for the design life.,constraint
Satellite must be able to operate onboard instrumentation.,constraint
"Satellite must be launched into correct orbit, or means to correct for different orbits must exist.",constraint
Satellite must maintain means of communication with supporting systems.,constraint
Satellite must maintain means of control.,constraint
Satellite must maintain means of transmitting science data to supporting systems.,constraint
Satellite must not operate in an environment that poses the risk of excessive radiation or impact from energetic materials.,constraint
"Satellite must not radiate energy until on orbit, separated from, and clear of launch vehicle and debris.",constraint
"Satellite, satellite components, and satellite debris must not impact other systems or debris during launch, on orbit, or during disposal.",constraint
Scheduled work is not completed on time.,loss
Scientific mission is not performed (mission loss).,loss
"Sensitive information regarding the aircrafts, vehicles, payloads and ground support systems designs or procedures; personnel data; production process; material; organic or operational safety information, among others, shall be kept with the allocated restricted access.",constraint
Sensor processing must have confidence and reduce false positive in distinguishing true moving target.,constraint
Sensor processing must have foliage as a class in machine learning list.,constraint
"Separation from other aircraft, terrain, obstacles must be maintained.",constraint
Serious injury or fatality to personnel.,loss
Service vehicle/equipment frame integrity is lost during operations on the ground.,hazard
Severe braking.,hazard
SGC system cannot produce gas with maximum capacity.,hazard
SGC system continues to supply gas when gas leaks to the environment.,hazard
SGC system must always produce gas with maximum capacity.,constraint
SGC system must be protected from abnormal operating conditions that can damage valuable components.,constraint
SGC system must stop compressing gas when gas leaks to the environment.,constraint
SGC system operates under abnormal conditions.,hazard
Shift to unsuitable gear for speed.,hazard
Ship enters into an unsafe area (low water-depth or stormy area).,hazard
Ship must not enter into an unsafe area (low water-depth or stormy area).,constraint
Ship must not violate minimum separation from any stationary object or underwater object.,constraint
Ship must not violate minimum separation from other ship.,constraint
Ship violates minimum separation from any stationary object or underwater object.,hazard
Ship violates minimum separation from other ship.,hazard
Side stick command must be gradually reduced as the aircraft gains speed.,constraint
Side stick command should be applied to the side of the wind after releasing the brakes.,constraint
Significant damage to other people's property.,loss
Significant Damage to Smart Coaster.,loss
Significant damage to the port system infrastructure.,loss
Significant devaluation of Acme stock.,loss
Significant environmental release (possibly only minor for this application).,loss
Significant loss of revenue.,loss
"Simulation acquired contains artifacts or otherwise poor image quality, or not transmided for RT planning.",hazard
"Simulation acquired is wrong patient, wrong location, wrong iso, or with poor immobilization.",hazard
Situational awareness of flight crew is blurred or lost.,hazard
Smart coaster fails to deliver calculated rider experience.,hazard
Smart Coaster operated outside of established parameters.,hazard
Smartgrid has an inability to keep customers comfortable per their preferences.,hazard
Smartgrid has an inability to meet unexpected demands.,hazard
Smartgrid is unable to satisfy local energy demands.,hazard
Smartgrid must be able to keep customers comfortable as desired.,constraint
Smartgrid must be able to meet local energy demands.,constraint
Smartgrid must be able to meet unexpected demands.,constraint
Smoke inside the cabin.,hazard
SMS is not designed according to standards.,hazard
SMS is not effective.,hazard
SMS is not implemented according to standards.,hazard
SMS is not suitable for the organization.,hazard
SMS shall be designed according to standards.,constraint
SMS shall be effective.,constraint
SMS shall be implemented according to standards.,constraint
SMS shall be suitably scaled for the organization.,constraint
Social unrest in the nation.,hazard
Software must complete calculations within 2 minutes.,constraint
Spacecraft destroyed while landing on planet.,hazard
Spacecraft has inadequate heat and power.,hazard
Spacecraft hit by space debris.,hazard
Spacecraft lost.,loss
Staff injured or killed from radiation exposure.,loss
Staff is unexpectedly exposed to radiation.,hazard
Staff is unnecessarily exposed to radiation.,hazard
Staff suffers injury (radiological or physical).,loss
Stain to reputation.,loss
State or Dynamic leads to damages on physical component.,hazard
Structures on the ground are damaged or destroyed.,loss
System is not ready to fulfill designited mission.,hazard
System operational limits are exceeded.,hazard
System reports fake patient’s results to the user.,hazard
"System shall be able to control the actuator (Throttle, Spark, Fuel, etc.), when required.",constraint
System shall be made aware of the Axle Torque Command determination status.,constraint
Systems or equipment are damaged.,loss
Systems or equipment are exposed to excessive levels of hazardous energy.,hazard
Take off / landing executed only when runway is empty.,constraint
"TCAS causes or contributes to a near midair collision (NMAC), defined as a pair of controlled aircraft violating minimum separation standards.",hazard
TCAS causes or contributes to an aircraft coming too close to a fixed structure or natural terrain.,hazard
TCAS causes or contributes to the pilot losing control over the aircraft.,hazard
"TCAS interferes with an ATC advisory that is safety-related (e.g., avoiding a restricted area or adverse weather conditions).",hazard
"TCAS interferes with other safety-related aircraft systems (for example, ground proximity warning).",hazard
"TCAS interferes with the ground-based air traffic control system (e.g., transponder transmissions to the ground or radar or radio services).",hazard
TCAS must always provide an RA in time to prevent an NMAC.,constraint
TCAS must not disrupt the pilot and ATC operations during critical phases of flight nor disrupt aircraft operation.,constraint
TCAS must not interfere with the ground ATC system or other aircraft transmissions to the ground ATC system.,constraint
TCAS must not provide RAs that degrade vertical separation.,constraint
TCM Protection activates causing inadvertent engine shutdown.,hazard
Temperature must never violate maximum value.,constraint
Temperature too high.,hazard
Testing or flight operations are unable to be conducted.,loss
The ACC vehicle crashes with a vehicle in front when the ACC system is in active mode (Forward Collision vehicle to vehicle).,loss
The ACROBOTER robotic platform must not release the payload.,constraint
The aircraft have insufficient power available.,hazard
The aircraft loss the communication with base.,hazard
The aircraft loss the flight capability.,hazard
The aircraft must be able to generate enough power to keep the systems running properly.,constraint
The aircraft must be controllable by the pilot or piloting function in an OPV (optionally piloted vehicle) at all times.,constraint
The aircraft must be maneuvered within the safety envelope.,constraint
The aircraft must maintain constant communication with the base throughout the operation.,constraint
The aircraft must maintain minimum separation from potential sources of collision.,constraint
The aircraft must never fly off the route specified at the flight plan.,constraint
The aircraft violates the minimum safety distance.,hazard
The AMS must avoid H2O/Ice accumulation.,constraint
The AMS must not distribute air inside the aircraft which is unacceptably contaminated.,constraint
The AMS must not extract air from from the inappropriate sources at the inappropriate.,constraint
The AMS must not let the air pressure reach values out of the prescribed limits for thedestination environment.,constraint
The AMS must not let the air temperature reach values out of the prescribed limits for the destination environment.,constraint
The AMS must not transport air to inappropriate environments at inappropriate times.,constraint
The app must command the pump to stop if the patient's vital signs indicate over-infusion.,constraint
The app must inform the display of the pump command status.,constraint
The app must inform the display of the status of the patient's vital signs.,constraint
The burnout of 2E must be detected.,constraint
The burnout of 3E must be detected.,constraint
The Certification Authority personnel shall be qualified according to project/production area they are analysing.,constraint
The Certification Authority personnel shall be qualified at the certification process.,constraint
The certification process shall allow identification of critical flaws and loss scenarios.,constraint
The certification process shall allow verification of all safety critical or performance requirements and also the system functions.,constraint
"The certification process shall be continuously updated, allowing improvement of the procedures and regulations.",constraint
The Control system shall determine the axle torque request periodically.,constraint
The Control System shall not miscalculate the Axle Torque request.,constraint
The Controller shall warn passengers when the door is about to open or close.,constraint
The CREVAS must operate when the two events—High-level radioactive at air intakes of MCR or the SIAS—occur.,constraint
The crew shall be given positive notification of arrival at the requested FL.,constraint
"The CSAS must operate when the three events—LOCA, S/WP-Ex, or the SIAS—occur.",constraint
The damage to people or properties on the ground.,hazard
The dispatcher in the CTC and the watch keeper should identify the potential danger in the railway line and command the train to slow down or stop in emergency situations.,constraint
The driver is able to override the ACC system at any time by activating the brake or accelerator pedal.,hazard
The energetic material state must not differ from the safety acceptable conditions to be handled.,constraint
The failures in the Train Control System must be identified and provided as feedback to the dispatcher of CTC in time.,constraint
The FI must assist the trainee in enforcing these safety constraints.,constraint
The FI must take over the control to enforce these safety constraints if necessary.,constraint
The financial budget for the project development and production shall be allocated by the sponsors.,constraint
The flight crew must execute the ITP immediately when approved unless it would be dangerous to do so.,constraint
"The flight crew must execute the ITP with correct climb rate, flight levels, Mach number, and other associated performance criteria.",constraint
The flight crew must have control of the aircraft all the time.,constraint
The flight crew must never violate predetermined minimum/maximum altitude.,constraint
The flight crew must never violate the minimum distance to other aircraft.,constraint
The flight crew must not abort the ITP unnecessarily. (Rationale: An abort may violate separation minimums),constraint
The flight crew must not continue the ITP maneuver when it would be dangerous to do so.,constraint
The flight crew must not execute an ITP when the ITP criteria are not satisfied.,constraint
The flight crew must not execute the ITP before approval by ATC.,constraint
The flight crew must not execute the ITP when it has not been approved by ATC.,constraint
The ignition of the second rocket stage (2E) must be detected.,constraint
The intervention between ACC system and driver should be limited to the traffic environment and conditions.,constraint
The Laboratory Managers must periodically implement training for safely handling Energetic Materials to the Laboratory Supervisors and Operators.,constraint
The laboratory supervisor must supervise the laboratory activities to verify the safety standards for handling energetic materials.,constraint
"The Laboratory Supervisors must be a part of the scale of the energetic material manipulated, if the authorizations are correct, and if the work is conducted at the appropriate time with people to provide first aid or trigger emergency mode if necessary.",constraint
The LKA system must not allow the vehicle switch to lanes without the correct turn-indicator being actuated.,constraint
The LKA system must not perform corrective action if the correct turn-indicator is actuated (if the direction of deviation is the same as the turn-indicator).,constraint
The LKA system must verify that corrective action has beenperformed either from its inputs or feedback from the electrical steering system.,constraint
The operator should always be able to control the attitude and flight path during the whole flight.,constraint
"The owner of a certificate product shall be aware of the expiration date, if applicable, and provide the necessary documentation to avoid its expiration.",constraint
The owner of a certificate product shall maintain the system safety and the manufacturing according to the design approved to avoid the certificate to be cancelled.,constraint
The patient is injured or killed from subsequent treatment due to inaccurate MRI simulation.,loss
The patient is injured or killed in the process of MRI simulation.,loss
The pilot must always follow the RA provided by TCAS.,constraint
The pilot of a TCAS-equipped aircraft must have the option to switch to the Traffic-Advisory mode where traffic advisories are displayed but display of resolution advisories is prohibited.,constraint
The population has an increase in infected cases.,hazard
The possibility of progressive flooding should be monitored and detected on time.,constraint
The procedure for landing with a blown tire must be completely followed.,constraint
"The products shall be in conformity with the design. If it’s not, it shall not be used or operated.",constraint
The public must not be exposed to pathogens in drinking water.,constraint
The Quality Management Systems and Manufacturing Processes of the Company’s related to the Aeronautics and Space activities shall be certified.,constraint
"The reports, procedures and documents not approved by Certification Authority shall be revised and the revisions shall be submitted to the Certification Authority for approval. It might be necessary to repeat test or simulations in order to verify design changes.",constraint
The scientific data corresponding to the mission goals are not collected.,loss
"The scientific data is rendered unusable (e.g., deleted, corrupted, not returned at required time) before it can be fully investigated.",loss
The separation of the first rocket stage (1E) must be detected.,constraint
The ship is approaching shallow water.,hazard
The ship is very close to another ship or object.,hazard
The ship must be maintained properly so that the occurrence of fire is prevented.,constraint
The ship's propulsion system is operating beyond the permissible limits.,hazard
"The SIAS must operate when the 4 events—LOCA, 2ndHSL, S/WP-Ex, or REA—occur.",constraint
The software must receive the NAV_ON to initialize the flight time.,constraint
The spotter should be in a positions which will provide him the maximum possible observation range and minimum blind spots.,constraint
The spotter should have in his disposal visual signs to attract the attention of the operators.,constraint
The system must not disrupt the pilot and ATC operations during critical phases of flight nor disrupt aircraft operation.,constraint
The system process variables violate the minimum safety acceptable standards conditions for energetic materials.,hazard
The system reports the patient’s required results from the controller too late.,hazard
The takeoff must be aborted at the first sign of loss of directional control.,constraint
The test planning shall consider the financial restrictions and the management risks of the project.,constraint
The train derails.,loss
"The train did not stop at the parking screen window, open the door.",hazard
The train exceeds speed limit of switch P10.,hazard
The train exceeds speed limit of switch P2602.,hazard
The train exceeds speed limit on tie line.,hazard
The train hits obstacles that violated the limit.,loss
The train hits personnel.,loss
"The train in the process of moving, and open the door.",hazard
The train shall remain stopped and a door open command issued if an object is detected in the doorway when doors are closed.,constraint
The train squeezes at switch.,loss
The transition of primary flight controls in the rotation should be performed smoothly and continuously.,constraint
The vehicle behind crashes the ACC vehicle when the ACC system detects an object in the vehicle path (Backward Collision vehicle to vehicle).,loss
"The vehicle does not maintain a safe minimum distance between itself and obstacles such as pedestrians, vehicles, objects, and terrain.",hazard
"The vehicle parks inappropriately, either in an unsuitable space (e.g. blocking a fire hydrant) or in violation of parking guidelines (e.g. excessively far from the curb).",hazard
The vehicle should keep adequate distance and height against the people and properties on the ground.,constraint
There must be no person between train doors and PSDs when the train start.,constraint
There shall never be smoke inside the cabin.,constraint
There shall never be uncontrolled fire on board.,constraint
Toxic chemicals from the plant are in the atmosphere.,hazard
Toxic chemicals must be contained within plant equipment.,constraint
Toxic chemicals must not be released.,constraint
Toxic plant chemicals must not be released into the atmosphere.,constraint
Train departures while door has not been closed completely.,hazard
Train derails.,hazard
Train must not move with doors open.,constraint
Train must run within limited speed.,constraint
Train start with people between train door and PSD.,hazard
Two aircraft collide.,loss
Two aircraft violate minimum separation.,hazard
Two aircraft violate minimum separation.,hazard
Two or more vehicles collide.,loss
Two or more vehicles collide.,loss
Two or more vehicles collide.,loss
Two or more Vehicles Collide.,loss
Two or more vehicles collide.,loss
Two trains are on the same “Occlusive Section” travelling at different speed.,hazard
UAS operations shall not induce or contribute to a controlled flight into terrain maneuver.,constraint
UAS operations shall not induce or contribute to loss of aircraft controlled flight.,constraint
UAS operations shall not lead to a loss of minimum separation requirements.,constraint
"UAS operations shall, when possible, be conducted well away from the boundaries of the airspace.",constraint
UAS operator shall immediately inform the controller if the UAV position becomes unclear.,constraint
UAS operator shall immediately inform the controller in the event of a UAV malfunction.,constraint
UAS operator shall immediately notify the losing controller if the UAV is incapable of exiting the old airspace.,constraint
UAS operator shall read back airspace clearance to controller.,constraint
"UAV departs apron, taxiway, or runway during ground operations.",hazard
UAV departs controlled flight.,hazard
UAV does not complete mission.,hazard
UAV too close to ground/building/person.,hazard
UAV violates minimum separation requirements.,hazard
Unable to Complete Mission.,loss
Unable to dispatch aircraft.,hazard
Unable to evade enemy threats.,hazard
Unacceptable Air Contamination.,hazard
Unauthorized access to aircraft equipment (electronic and physical).,hazard
Unauthorized access to hospital/patient information.,hazard
Unauthorized individuals accessing port system infrastructure.,hazard
Unauthorized individuals must not access the port system infrastructure.,constraint
Unauthorized user is allowed through.,hazard
Unauthorized/unconsented disclosure/release of PII/PD.,hazard
Uncontrolled aircraft.,hazard
Uncontrolled fire on board.,hazard
Uncontrolled flight over congested area.,hazard
Uncontrolled release of toxic chemicals.,hazard
Uncoordinated implementation of inspection procedures.,hazard
Unintended Change of Direction.,hazard
Unintended Park Disengagement.,hazard
Unintended Propulsion.,hazard
Unmanned aircraft loses controlled flight capability.,hazard
Unmanned aircraft testing unnecessarily interferes with flight operations.,hazard
Unnecessary loss of relevant functions.,hazard
Unplanned damage or disruption of the satellite (LOV).,loss
Unsafe separation from other flying objects during controlled flight.,hazard
Unsafe separation from terrain / objects on ground during controlled flight.,hazard
Unwanted or Excessive Lateral Motion.,hazard
Unwanted or Excessive Negative Longitudinal Motion.,hazard
Unwanted or Excessive Positive Longitudinal Motion.,hazard
USCG contracts are executed prior to sufficient funds being appropriated or committed.,hazard
"Vehicle (driven by human, automation or in cooperation) leaves the roadway.",hazard
"Vehicle (driven by human, automation or in cooperation) violates minimum safety distance to objects, road users, vehicles, etc.",hazard
Vehicle collides with a moving body.,loss
Vehicle collides with a non-moving body.,loss
Vehicle collides with non-fixed obstacle.,loss
Vehicle collides with non-fixed obstacle.,loss
Vehicle collides with non-fixed obstacle.,loss
Vehicle Collides with Pedestrian(s).,loss
Vehicle crashes into terrain.,loss
Vehicle crashes into terrain.,loss
Vehicle crashes into terrain.,loss
Vehicle crashes when Autopilot is active.,loss
Vehicle does not maintain minimum separation against other moving bodies.,hazard
Vehicle does not maintain minimum separation against static bodies.,hazard
Vehicle does not maintain safe distance from nearby objects.,hazard
Vehicle does not maintain safe distance from nearby vehicles.,hazard
Vehicle does not maintain safe distance from nearby vehicles.,hazard
Vehicle does not maintain safe distance from nearby vehicles.,hazard
Vehicle does not maintain safe distance from nearby vehicles.,hazard
Vehicle does not maintain safe distance from terrain and other obstacles.,hazard
Vehicle does not maintain safe distance from terrain and other obstacles.,hazard
Vehicle does not maintain safe distance from terrain and other obstacles.,hazard
Vehicle does not maintain safe distance from terrain and other obstacles.,hazard
Vehicle enters dangerous area/region.,hazard
Vehicle enters uncontrollable or unrecoverable state.,hazard
Vehicle enters uncontrollable or unrecoverable state.,hazard
Vehicle equipment operated beyond limits (experience excessive wear and tear).,hazard
"Vehicle exceeds safe operating envelope for environment (speed, lateral/longitudinal forces).",hazard
Vehicle is damaged (economic loss).,loss
Vehicle is difficult to operate.,hazard
Vehicle must brake when vehicle detected slowed or stopped object (at a few X-meters within the preset value of the safety distance) in its path.,constraint
Vehicle must illuminate the brake light to warn vehicle in the back.,constraint
Vehicle must maintain safe distance from nearby objects.,constraint
Vehicle must maintain safe distance from nearby vehicles.,constraint
Vehicle must maintain safe distance from terrain and other obstacles.,constraint
Vehicle must not expose occupants to harmful effects and/or health hazards.,constraint
Vehicle must not leave the roadway.,constraint
"Vehicle must not violate minimum safety distance to objects, road users, vehicles, etc.",constraint
Vehicle Occupant Injury.,loss
Vehicle occupants are injured during operation.,loss
vehicle occupants are injured while ACC is engaged.,loss
Vehicle occupants are injured while ACC is engaged.,loss
Vehicle occupants experience harmful conditions during vehicle operation.,hazard
Vehicle occupants exposed to harmful effects and/or health hazards.,hazard
Vehicle occupants exposed to harmful effects and/or health hazards.,hazard
Vehicle occupants exposed to harmful effects and/or health hazards.,hazard
Vehicle occupants exposed to harmful effects and/or health hazards.,hazard
"Vehicle occupants exposed to harmful effects, and/or health hazards.",hazard
Vehicle occupants injured without vehicle collision.,loss
Vehicle occupants injured without vehicle collision.,loss
Vehicle occupants injured without vehicle collision.,loss
Vehicle or payload out of flight route.,hazard
Vehicle Roll Away from Not Engaging Park.,hazard
"Vehicle stages and interfaces must be designed so that, in the event of an unintended ignition, they do not result in the vehicle explosion.",constraint
Vehicles do not maintain safe distance from each other.,hazard
Vehicles must always maintain safe distances from each other.,constraint
Vehicles must always maintain safe distances from each other.,constraint
Verify if the channels are actuated.,constraint
Verify the conformity of the products to respective certified design.,constraint
Violating a minimum of separation between vehicles and between vehicles and objects.,hazard
"Violating separation from other aircraft, terrain, obstacles.",hazard
Violation of Altitude/clear ance from terrain.,hazard
Violation of minimum distance to other aircraft.,hazard
Violation of minimum separation requirements.,hazard
Violation of minimum separation rules between the AMR/infrastructure/humans/animals.,hazard
Violation of minimum separation standards.,hazard
Violation of minimum/maximum altitude.,hazard
Water cannot flow through on demand.,hazard
"When a track section is occupied by a train, the TCC transmits control parameters representing track occupancy to other trains and issues warning signals (red) to the signal device in front of this section.",constraint
"When passengers get on or off, the door is closed.",hazard
"When performing an abort, the flight crew must follow regional contingency procedures.",constraint
"When spin zones are in use, the controller shall not consider the area clear or safe.",constraint
"When the aircraft is on the ground during takeoff or landing, and fuel flow is stuck high, when the pilot moves Throttle (TLA) to the idle, then automatically command an engine shutdown.",constraint
"When the bursting of a tire at high speed is suspected and the pilot decides to continue, the landing gear must not be retracted.",constraint
When the Train is stopped and not in a station and no emergency exists the Controller shall not open the door.,constraint
"When two aircraft are on a collision course, TCAS must always provide an RA to avoid the collision.",constraint
Wing safety shall ensure that the UAV software is updated with new airspace boundaries when they are changed.,constraint
Worker in close proximity to track or car while ride in motion.,hazard
Workers are exposed to hazardous energy.,hazard
Workers are killed or injured on the job.,loss
Workers shall not be exposed to hazardous energy.,constraint
"Workflow is subject to unexpected stress, delays in starting treatments.",hazard
Workplace environment is not suitable for human health.,hazard
Workplace methane levels are not suitable (too high).,hazard
Workplace oxygen levels are not suitable (too low).,hazard
Workplace ventilation integrity is lost.,hazard
"Wrong dose, location, or patient.",hazard
"WRONG DOSE: Dose delivered to patient is wrong in either amount, location, or timing.",hazard
Wrong radiation delivered.,hazard
Yawing at brakes release must be counteracted quickly.,constraint
Must keep the system safe.,constraint
Security must be active.,constraint
Must have minimum mission critical safety systems functional for landing.,constraint
Aircraft must fly.,constraint
Must have all systems functional when driving.,constraint
Must comply to all regulations.,constraint
Must calculate all processes in time.,constraint
No relevant function shall be lost during flight.,constraint
Must fly through a safe area.,constraint
System must be functional.,constraint
Passanger must be alive.,constraint
Verifying the system conditions is a must.,constraint
An inspection must be done in the system.,constraint
Must have minimum number of passangers in flight.,constraint
Must have all systems functional for flight.,constraint
No component shall be active when vehicle is turned off.,constraint
Must have cabin pressurization system active.,constraint
Should allow multiple users in software.,constraint
Must have all necessary weather information for flight.,constraint
Must detect all system threats.,constraint
"Should an accident occur, the airbags are activated.",constraint
Must maintain integrity of mission critical components.,constraint
Must be able to operate the system.,constraint
Drune must be dispatched.,constraint
Avoid hazardous state.,constraint
Comply to all regulations.,constraint
Aircraft flies safely.,constraint
Avoid machine overload.,constraint
Verify if all components are working.,constraint
"When encountering a dangerous situation, vehicle performs emergency maneuver.",constraint
Avoiding the contact of toxic substances.,constraint
Contact ATC when in emergency.,constraint
Aircraft keeps a safe altitude.,constraint
Maintenance of the highway only when highway is blocked.,constraint
Verify if the door is properly closed.,constraint
"During a trip to the destination, if there are people inside vehicle, remind to fasten the seatbelt.",constraint
"When the ground is clear, the pilot contacts ATC for permission, and performs landing.",constraint
Extension of landing gear only approaching ground.,constraint
User is allowed to override commands in case of emergency.,constraint
Avoid sudden braking when moving.,constraint
Ensure the vehicle has enough fuel before departing.,constraint
Always make sure to check if equipment is working as intended.,constraint
Verify if the landing gear is retracted after takeoff.,constraint
Verify the equipment state before performing maintenance.,constraint
Changing lanes only when lane is empty.,constraint
Avoid flight in altitude below permitted limit.,constraint
System is capable of defending threats.,constraint
Verify if the runway is empty.,constraint
Sudden braking olny in emergency situations.,constraint
Vehicle overtaking only when road is empty.,constraint
